Workbook

Sheet Dashboard
A1: E-scale | Base dashboard empresarial
A2: Sustituto temporal de listas de SharePoint para empresa, suscripciones, exportaciones e inventario
A3: Workbook temporal para sustituir listas de SharePoint. Usar valores controlados y dejar los campos no capturados como 'No informado' o 'Pendiente'.
A5: KPI | B5: Valor | D5: Dominio | E5: Registros
A6: Empresas | B6: =COUNTA(Empresas!A6:A500) | D6: Empresas | E6: =B6
A7: Subscripciones activas | B7: =COUNTIF(Suscripciones!E6:E500,"Activa") | D7: Subscripciones | E7: =COUNTA(Suscripciones!A6:A500)
A8: Exportaciones registradas | B8: =COUNTA(Exportaciones!A6:A500) | D8: Exportaciones | E8: =B8
A9: Lineas de inventario | B9: =COUNTA(Inventario!A6:A1000) | D9: Inventario | E9: =B9
A10: Lugares registrados | B10: =COUNTA(Lugares!A6:A500) | D10: Lugares | E10: =B10
A11: Dispositivos capturados | B11: =COUNTA(Dispositivos!A6:A500) | D11: Dispositivos | E11: =B11
A14: Politica de datos limpios
A15: Usar 'No informado' cuando el dato deba existir pero todavia no se haya capturado.
A16: Usar 'Pendiente' para procesos futuros como Google Maps o SharePoint.
A17: Guardar logos fisicos en la carpeta logos/ y referenciarlos desde la sheet Logos.
A18: El inventario se debe registrar por exportacion y por linea de item; importes e IDs tecnicos se dejan vacios hasta tener origen fiable.
A19: Telefono, CIF y otros campos futuros ya tienen hueco reservado con formato uniforme yyyy-mm-dd hh:mm para fechas.
A20: Las columnas auxiliares permiten montar dashboard y futuros conectores sin contaminar el dato maestro.

Sheet Empresas
A1: Empresas
A2: Registro maestro de empresa y datos base del dashboard
A3: Workbook temporal para sustituir listas de SharePoint. Usar valores controlados y dejar los campos no capturados como 'No informado' o 'Pendiente'.
A5: company_id | B5: company_name | C5: legal_name | D5: company_email | E5: logo_asset_id | F5: logo_file_name | G5: logo_relative_path | H5: subscription_plan_current | I5: subscription_status_current | J5: default_event_venue | K5: phone_future | L5: cif_future | M5: website | N5: country | O5: record_status | P5: created_at | Q5: updated_at | R5: notes
A6: CMP-20260521212010-5709E8 | B6: RAFA Corp. | C6: RAFA Corp. | D6: rafa@corp.com | E6: logo-CMP-20260521212010-5709E8 | F6: rafa-corp_CMP-20260521212010-5709E8.png | G6: logos/rafa-corp_CMP-20260521212010-5709E8.png | H6: No informado | I6: No informado | J6: MNAC PRUEBA | K6: No informado | L6: No informado | M6: No informado | N6: No informado | O6: Activo | P6: 2026-05-21 21:20 | Q6: 2026-05-21 21:20 | R6: Sincronizado desde E-scale

Sheet Logos
A1: Logos
A2: Activos multimedia de empresa. Guardar los archivos reales en la carpeta logos/
A3: Workbook temporal para sustituir listas de SharePoint. Usar valores controlados y dejar los campos no capturados como 'No informado' o 'Pendiente'.
A5: asset_id | B5: company_id | C5: asset_type | D5: file_name | E5: file_extension | F5: mime_type | G5: relative_path | H5: preview_status | I5: hash_reference | J5: last_updated_at | K5: notes
A6: logo-CMP-20260521212010-5709E8 | B6: CMP-20260521212010-5709E8 | C6: Logo | D6: rafa-corp_CMP-20260521212010-5709E8.png | E6: png | F6: image/png | G6: logos/rafa-corp_CMP-20260521212010-5709E8.png | H6: Activo | J6: 2026-05-21 21:20 | K6: Logo sincronizado desde E-scale

Sheet Suscripciones
A1: Suscripciones
A2: Seguimiento de plan, ciclo y estado comercial por empresa
A3: Workbook temporal para sustituir listas de SharePoint. Usar valores controlados y dejar los campos no capturados como 'No informado' o 'Pendiente'.
A5: subscription_id | B5: company_id | C5: plan_name | D5: billing_cycle | E5: status | F5: seats_contracted | G5: monthly_price_eur | H5: annual_price_eur | I5: start_date | J5: end_date | K5: renews_at | L5: trial_flag | M5: payment_status | N5: source_system | O5: created_at | P5: updated_at | Q5: notes

Sheet Exportaciones
A1: Exportaciones
A2: Registro por cada exportacion realizada por empresa desde la app
A3: Workbook temporal para sustituir listas de SharePoint. Usar valores controlados y dejar los campos no capturados como 'No informado' o 'Pendiente'.
A5: export_id | B5: company_id | C5: subscription_id | D5: event_id | E5: event_name | F5: venue_id | G5: venue_name | H5: export_mode | I5: export_timestamp | J5: total_pax | K5: total_inventory_items | L5: total_inventory_categories | M5: pdf_filename | N5: export_status | O5: captured_from_app | P5: notes
A6: EXP-20260521212051-B8685B | B6: CMP-20260521212010-5709E8 | E6: No informado | G6: MNAC PRUEBA | H6: PDF_PLANO | I6: 2026-05-21 19:20 | J6: 80 | K6: 8 | L6: 1 | M6: rafa-corp_plano_1779391250360.pdf | N6: Activo | O6: Si | P6: Exportación registrada desde E-scale

Sheet Inventario
A1: Inventario
A2: Detalle de lineas de inventario generadas por cada exportacion
A3: Workbook temporal para sustituir listas de SharePoint. Usar valores controlados y dejar los campos no capturados como 'No informado' o 'Pendiente'.
A5: inventory_line_id | B5: export_id | C5: company_id | D5: category | E5: item_type | F5: item_label | G5: quantity | H5: pax | I5: unit_price_eur | J5: total_price_eur | K5: captured_at | L5: notes
A6: INV-68E33488E6 | B6: EXP-20260521212051-B8685B | C6: CMP-20260521212010-5709E8 | D6: Mesas | E6: mesa | F6: Mesa standard Ø2.0m | G6: 8 | H6: 80 | J6: =IF(OR(G10="",I10=""),"",G10*I10) | K6: 2026-05-21 19:20 | L6: Línea generada automáticamente desde exportación
J7: =IF(OR(G11="",I11=""),"",G11*I11)
J8: =IF(OR(G12="",I12=""),"",G12*I12)
J9: =IF(OR(G13="",I13=""),"",G13*I13)
J10: =IF(OR(G14="",I14=""),"",G14*I14)
J11: =IF(OR(G15="",I15=""),"",G15*I15)
J12: =IF(OR(G16="",I16=""),"",G16*I16)
J13: =IF(OR(G17="",I17=""),"",G17*I17)
J14: =IF(OR(G18="",I18=""),"",G18*I18)
J15: =IF(OR(G19="",I19=""),"",G19*I19)
J16: =IF(OR(G20="",I20=""),"",G20*I20)
J17: =IF(OR(G21="",I21=""),"",G21*I21)
J18: =IF(OR(G22="",I22=""),"",G22*I22)
... J996: =IF(OR(G1000="",I1000=""),"",G1000*I1000)

Sheet Lugares
A1: Lugares
A2: Repositorio de venues y futura integracion con Google Maps
A3: Workbook temporal para sustituir listas de SharePoint. Usar valores controlados y dejar los campos no capturados como 'No informado' o 'Pendiente'.
A5: venue_id | B5: company_id | C5: place_name | D5: display_address | E5: city | F5: province | G5: country | H5: google_place_id | I5: latitude | J5: longitude | K5: maps_api_status | L5: venue_status | M5: created_at | N5: updated_at | O5: notes

Sheet Dispositivos
A1: Dispositivos
A2: Telemetria futura de equipo, SO y version usada por empresa
A3: Workbook temporal para sustituir listas de SharePoint. Usar valores controlados y dejar los campos no capturados como 'No informado' o 'Pendiente'.
A5: device_session_id | B5: company_id | C5: user_id | D5: device_type | E5: operating_system | F5: os_version | G5: browser_name | H5: browser_version | I5: app_version | J5: locale | K5: timezone | L5: collected_at | M5: data_source_status | N5: notes

Sheet Catalogos
A1: Catalogos de control
A2: Listas maestras para validaciones y estados consistentes
A3: Workbook temporal para sustituir listas de SharePoint. Usar valores controlados y dejar los campos no capturados como 'No informado' o 'Pendiente'.
A5: Suscripcion_Status | B5: Plan_Suscripcion | C5: Ciclo_Facturacion | D5: Export_Mode | E5: Registro_Status | F5: API_Status | G5: Device_Type | H5: Si_No | I5: Asset_Type | J5: Operating_System | K5: Missing_Value_Policy
A6: Activa | B6: Free | C6: Mensual | D6: PDF_3D | E6: Borrador | F6: Pendiente | G6: Escritorio | H6: Si | I6: Logo | J6: Windows | K6: No informado
A7: Pausada | B7: Trial | C7: Anual | D7: PDF_PLANO | E7: Activo | F7: Disponible | G7: Portatil | H7: No | I7: Documento | J7: macOS | K7: Pendiente
A8: Cancelada | B8: Basic | C8: Trial | D8: No informado | E8: Archivado | F8: Error | G8: Tablet | H8: No informado | I8: Captura | J8: Linux | K8: No disponible
A9: Pendiente | B9: Pro | C9: No aplica | E9: No informado | F9: No informado | G9: Movil | I9: Otro | J9: Android
A10: No informado | B10: Enterprise | G10: Otro | J10: iOS
B11: No informado | G11: No informado | J11: No informado

Sheet Diccionario
A1: Diccionario
A2: Definiciones de campos y politica de captura para evitar datos corruptos
A3: Workbook temporal para sustituir listas de SharePoint. Usar valores controlados y dejar los campos no capturados como 'No informado' o 'Pendiente'.
A5: sheet_domain | B5: field_name | C5: description | D5: expected_format | E5: missing_value_policy | F5: future_source
A6: Empresas | B6: company_id | C6: Identificador unico de empresa | D6: Texto corto | E6: Dejar vacio hasta generacion | F6: App / SharePoint
A7: Empresas | B7: company_email | C7: Correo principal de la empresa | D7: email | E7: No informado | F7: App
A8: Empresas | B8: logo_relative_path | C8: Ruta relativa al archivo del logo | D8: logos/<archivo> | E8: Pendiente | F8: Carga manual / App
A9: Suscripciones | B9: plan_name | C9: Plan comercial vigente | D9: Lista controlada | E9: No informado | F9: Backoffice
A10: Suscripciones | B10: status | C10: Estado contractual | D10: Lista controlada | E10: Pendiente | F10: Backoffice / SharePoint
A11: Exportaciones | B11: export_mode | C11: Modo de exportacion usado en la app | D11: Lista controlada | E11: No informado | F11: App
A12: Exportaciones | B12: total_pax | C12: Suma de pax del inventario exportado | D12: Entero | E12: 0 o vacio | F12: App
A13: Inventario | B13: item_label | C13: Nombre visible del item exportado | D13: Texto | E13: No informado | F13: App
A14: Inventario | B14: unit_price_eur | C14: Precio unitario futuro | D14: Moneda EUR | E14: Dejar vacio | F14: Tarifas futuras
A15: Lugares | B15: google_place_id | C15: ID de Google Maps | D15: Texto | E15: Pendiente | F15: Google Maps API
A16: Lugares | B16: latitude / longitude | C16: Coordenadas del venue | D16: Decimal 6 posiciones | E16: Pendiente | F16: Google Maps API
... A19: Global | B19: missing value rules | C19: Usar siempre No informado, Pendiente o No disponible | D19: Lista controlada | E19: Obligatorio | F19: Gobierno del dato
